,Teacher's Pitch,Teacher's Tempo,Teacher's Rhythm,Teacher's Articulation & Dynamics,Teacher's Overall,label
Pitch,0.9590958882265297,0.7459672997262653,0.6927219174721546,0.7621122585551104,0.923139810309817,0.7577411355591063
Tempo,-0.26968265652194845,-0.4356310079470171,-0.32390631450812507,-0.14749881142067742,-0.37272480858921564,-0.04465638443069679
Rhythm,0.5697093685106157,0.4992430964711521,0.3413899106521301,0.4954305935983865,0.6598378358840441,0.37706997234799555
Articulation,-0.16536055823295415,-0.19714315719963962,-0.15909827778901414,-0.2678582361582972,-0.08495266670112031,0.13601303109111937
Dynamics,-0.15811848998917513,-0.18636812634055,-0.08138019324246248,0.0068571708456524084,-0.19240421316783413,-0.4427747289058594
